DATE_FROM;DATE_TO;PRODUCT_TYPE;TENDER_NUMBER;PRODUCTNAME;CROSSBORDER_SETTLEMENTCAPACITY_PRICE_[EUR/MW];AUSTRIA_DEMAND_[MW];AUSTRIA_SETTLEMENTCAPACITY_PRICE_[EUR/MW];AUSTRIA_DEFICIT(-)_SURPLUS(+)_[MW];BELGIUM_DEMAND_[MW];BELGIUM_SETTLEMENTCAPACITY_PRICE_[EUR/MW];BELGIUM_DEFICIT(-)_SURPLUS(+)_[MW];DENMARK_DEMAND_[MW];DENMARK_SETTLEMENTCAPACITY_PRICE_[EUR/MW];DENMARK_DEFICIT(-)_SURPLUS(+)_[MW];FRANCE_DEMAND_[MW];FRANCE_SETTLEMENTCAPACITY_PRICE_[EUR/MW];FRANCE_DEFICIT(-)_SURPLUS(+)_[MW];GERMANY_DEMAND_[MW];GERMANY_SETTLEMENTCAPACITY_PRICE_[EUR/MW];GERMANY_DEFICIT(-)_SURPLUS(+)_[MW];NETHERLANDS_DEMAND_[MW];NETHERLANDS_SETTLEMENTCAPACITY_PRICE_[EUR/MW];NETHERLANDS_DEFICIT(-)_SURPLUS(+)_[MW];SLOVENIA_DEMAND_[MW];SLOVENIA_SETTLEMENTCAPACITY_PRICE_[EUR/MW];SLOVENIA_DEFICIT(-)_SURPLUS(+)_[MW];SWITZERLAND_DEMAND_[MW];SWITZERLAND_SETTLEMENTCAPACITY_PRICE_[EUR/MW];SWITZERLAND_DEFICIT(-)_SURPLUS(+)_[MW];CZECH_REPUBLIC_DEMAND_[MW];CZECH_REPUBLIC_SETTLEMENTCAPACITY_PRICE_[EUR/MW];CZECH_REPUBLIC_DEFICIT(-)_SURPLUS(+)_[MW]
01/03/2025;01/03/2025;FCR;1;NEGPOS_00_04;13,6;65;13,6;4;86;57,53;-60;25;13,6;-24;516;13,6;99;528;13,6;143;123;13,6;-86;14;13,6;-14;67;82,1;-46;73;13,6;-16
01/03/2025;01/03/2025;FCR;1;NEGPOS_04_08;24;65;24;7;86;54,96;-60;25;17,7;-24;516;24;48;528;17,7;189;123;24;-86;14;24;-14;67;78,42;-46;73;24;-14
01/03/2025;01/03/2025;FCR;1;NEGPOS_08_12;30,68;65;30,68;7;86;42,28;-60;25;30,68;-24;516;30,68;125;528;30,68;94;123;30,68;-86;14;30,68;-14;67;82,72;-28;73;30,68;-14
01/03/2025;01/03/2025;FCR;1;NEGPOS_12_16;28,9;65;28,9;2;86;46,48;-60;25;26,11;-24;516;28,9;34;528;26,11;189;123;28,9;-78;14;28,9;-14;67;60;-35;73;28,9;-14
01/03/2025;01/03/2025;FCR;1;NEGPOS_16_20;33;65;33;7;86;42,16;-60;25;33;-24;516;33;154;528;33;67;123;33;-86;14;33;-14;67;45,46;-39;73;33;-5
01/03/2025;01/03/2025;FCR;1;NEGPOS_20_24;15;65;15;0;86;42,16;-60;25;15;-24;516;13,4;154;528;15;92;123;15;-86;14;15;-14;67;69,29;-46;73;15;-16
02/03/2025;02/03/2025;FCR;1;NEGPOS_00_04;26,84;65;26,84;5;86;58;-60;25;18,54;-24;516;26,84;31;528;18,54;189;123;26,84;-78;14;26,84;-14;67;108;-35;73;26,84;-14
02/03/2025;02/03/2025;FCR;1;NEGPOS_04_08;50;65;50;12;86;56,8;-60;25;35;-24;516;50;-15;528;35;189;123;50;-48;14;50;-14;67;92;-35;73;50;-5
02/03/2025;02/03/2025;FCR;1;NEGPOS_08_12;53,5;65;53,5;0;86;53,5;-60;25;53,5;-23;516;53,5;82;528;53,5;135;123;53,5;-72;14;53,5;-14;67;116;-46;73;53,5;-2
02/03/2025;02/03/2025;FCR;1;NEGPOS_12_16;55,6;65;55,6;8;86;56,64;-60;25;55,6;-23;516;21,76;154;528;55,6;45;123;55,6;-64;14;55,6;-12;67;100;-46;73;55,6;-2
02/03/2025;02/03/2025;FCR;1;NEGPOS_16_20;49,5;65;49,5;10;86;65,84;-60;25;49,5;-24;516;21,5;154;528;49,5;54;123;49,5;-72;14;49,5;-14;67;74,31;-46;73;49,5;-2
02/03/2025;02/03/2025;FCR;1;NEGPOS_20_24;15,95;65;15,95;-4;86;61,28;-60;25;15,95;-24;516;15,95;137;528;15,95;103;123;15,95;-78;14;15,95;-14;67;74,29;-46;73;15,95;-14
03/03/2025;03/03/2025;FCR;1;NEGPOS_00_04;19,1;65;19,1;2;86;55,68;-60;25;19,1;-24;516;19,1;46;528;19,1;181;123;19,1;-86;14;19,1;-14;67;104,96;-31;73;19,1;-14
03/03/2025;03/03/2025;FCR;1;NEGPOS_04_08;32,23;65;32,23;7;86;56,2;-60;25;32,23;-24;516;32;154;528;32,23;74;123;40;-86;14;32,23;-14;67;75,2;-46;73;32,23;-5
03/03/2025;03/03/2025;FCR;1;NEGPOS_08_12;85,2;65;85,2;25;86;85,2;-26;25;85,2;-23;516;85,2;61;528;85,2;51;123;85,2;-57;14;85,2;-14;67;85,2;-15;73;85,2;-2
03/03/2025;03/03/2025;FCR;1;NEGPOS_12_16;93,5;65;93,5;20;86;93,5;-27;25;93,5;-23;516;93,5;43;528;93,5;82;123;93,5;-57;14;93,5;-13;67;93,5;-23;73;93,5;-2
03/03/2025;03/03/2025;FCR;1;NEGPOS_16_20;51,2;65;51,2;24;86;80,8;-42;25;51,2;-24;516;51,2;124;528;51,2;19;123;51,2;-57;14;51,2;-14;67;51,2;-25;73;51,2;-5
03/03/2025;03/03/2025;FCR;1;NEGPOS_20_24;40;65;40;7;86;60,72;-60;25;40;-24;516;12,72;154;528;40;48;123;40;-60;14;40;-14;67;56,33;-46;73;40;-5
04/03/2025;04/03/2025;FCR;1;NEGPOS_00_04;17;65;17;19;86;62,8;-60;25;17;-18;516;17;64;528;17;155;123;17;-86;14;17;-14;67;72,22;-46;73;17;-14
04/03/2025;04/03/2025;FCR;1;NEGPOS_04_08;35,19;65;35,19;7;86;60;-38;25;35,19;-18;516;16,92;154;528;35,19;46;123;40;-86;14;35,19;-14;67;56,94;-46;73;35,19;-5
04/03/2025;04/03/2025;FCR;1;NEGPOS_08_12;72,55;65;72,55;25;86;72,55;-48;25;72,55;-17;516;72,55;-80;528;72,55;155;123;72,55;-49;14;72,55;-14;67;72,55;30;73;72,55;-2
04/03/2025;04/03/2025;FCR;1;NEGPOS_12_16;115;65;115;25;86;115;-13;25;115;-17;516;115;-79;528;115;101;123;115;-49;14;115;-7;67;115;37;73;115;2
04/03/2025;04/03/2025;FCR;1;NEGPOS_16_20;56,96;65;56,96;36;86;59,28;-60;25;56,96;-17;516;56,96;113;528;56,96;-23;123;56,96;-57;14;56,96;-14;67;56,96;27;73;56,96;-5
04/03/2025;04/03/2025;FCR;1;NEGPOS_20_24;35;65;35;7;86;63,96;-60;25;35;-18;516;31,52;154;528;35;61;123;35;-86;14;35;-14;67;45,91;-39;73;35;-5
05/03/2025;05/03/2025;FCR;1;NEGPOS_00_04;18,58;65;18,58;9;86;56,32;-60;25;18,58;-18;516;18,58;51;528;18,58;178;123;18,58;-86;14;18,58;-14;67;66,07;-46;73;18,58;-14
05/03/2025;05/03/2025;FCR;1;NEGPOS_04_08;41,76;65;41,76;10;86;57,28;-60;25;41,76;-15;516;41,76;104;528;41,76;110;123;44;-84;14;41,76;-14;67;62,8;-46;73;41,76;-5
05/03/2025;05/03/2025;FCR;1;NEGPOS_08_12;96;65;96;19;86;96;-39;25;96;-17;516;96;71;528;96;-3;123;96;-59;14;96;-13;67;96;43;73;96;-2
05/03/2025;05/03/2025;FCR;1;NEGPOS_12_16;96,82;65;96,82;19;86;96,82;-40;25;96,82;-17;516;75,48;154;528;96,82;-6;123;96,82;-59;14;96,82;-13;67;96,82;-36;73;96,82;-2
05/03/2025;05/03/2025;FCR;1;NEGPOS_16_20;71,04;65;71,04;52;86;71,04;-59;25;71,04;-17;516;71,04;49;528;71,04;24;123;71,04;-58;14;71,04;-14;67;71,04;29;73;71,04;-6
05/03/2025;05/03/2025;FCR;1;NEGPOS_20_24;31;65;31;1;86;59,04;-60;25;31;-18;516;29,16;154;528;31;83;123;31;-86;14;31;-14;67;51,27;-46;73;31;-14
06/03/2025;06/03/2025;FCR;1;NEGPOS_00_04;16,99;65;16,99;-1;86;54,4;-60;25;16,99;-18;516;16,99;61;528;16,99;171;123;40;-79;14;16,99;-14;67;92,48;-46;73;16,99;-14
06/03/2025;06/03/2025;FCR;1;NEGPOS_04_08;37,6;65;37,6;8;86;54,54;-60;25;37,6;-18;516;37,6;96;528;37,6;125;123;45;-86;14;37,6;-14;67;101,1;-46;73;37,6;-5
06/03/2025;06/03/2025;FCR;1;NEGPOS_08_12;93,84;65;93,84;19;86;93,84;-13;25;93,84;-17;516;93,84;87;528;93,84;11;123;93,84;-70;14;93,84;-13;67;93,84;-2;73;93,84;-2
06/03/2025;06/03/2025;FCR;1;NEGPOS_12_16;108,19;65;108,19;19;86;108,19;-15;25;108,19;-17;516;98,64;154;528;108,19;-52;123;108,19;-67;14;108,19;-8;67;108,19;-12;73;108,19;-2
06/03/2025;06/03/2025;FCR;1;NEGPOS_16_20;67,2;65;67,2;30;86;67,2;-32;25;67,2;-23;516;67,2;81;528;67,2;31;123;67,2;-71;14;67,2;-14;67;67,2;0;73;67,2;-2
06/03/2025;06/03/2025;FCR;1;NEGPOS_20_24;40;65;40;8;86;55,68;-60;25;40;-24;516;17,2;154;528;40;70;123;40;-81;14;40;-14;67;52;-44;73;40;-9
07/03/2025;07/03/2025;FCR;1;NEGPOS_00_04;24;65;24;3;86;56,8;-60;25;18,66;-24;516;24;52;528;18,66;189;123;40;-86;14;24;-14;67;126,7;-46;73;24;-14
07/03/2025;07/03/2025;FCR;1;NEGPOS_04_08;50,95;65;50,95;10;86;59,2;-60;25;50,95;-20;516;50,95;85;528;50,95;109;123;50,95;-68;14;50,95;-14;67;88,58;-30;73;50,95;-12
07/03/2025;07/03/2025;FCR;1;NEGPOS_08_12;107,4;65;107,4;20;86;107,4;-12;25;107,4;-20;516;107,4;119;528;107,4;-17;123;107,4;-64;14;107,4;-13;67;107,4;-1;73;107,4;-12
07/03/2025;07/03/2025;FCR;1;NEGPOS_12_16;182,2;65;182,2;20;86;182,2;-11;25;182,2;-20;516;92,44;154;528;182,2;-42;123;182,2;-68;14;182,2;-14;67;182,2;-7;73;182,2;-12
07/03/2025;07/03/2025;FCR;1;NEGPOS_16_20;60;65;60;27;86;63,12;-60;25;60;-23;516;60;131;528;60;14;123;60;-60;14;60;-14;67;60;-3;73;60;-12
07/03/2025;07/03/2025;FCR;1;NEGPOS_20_24;27,13;65;27,13;3;86;59,6;-60;25;27,13;-24;516;27,13;146;528;27,13;80;123;40;-86;14;27,13;-14;67;61,24;-31;73;27,13;-14
08/03/2025;08/03/2025;FCR;1;NEGPOS_00_04;14,2;65;14,2;0;86;61,84;-60;25;14,2;-24;516;11,94;154;528;14,2;85;123;14,2;-78;14;14,2;-14;67;149,79;-46;73;14,2;-17
08/03/2025;08/03/2025;FCR;1;NEGPOS_04_08;35,7;65;35,7;16;86;62,96;-60;25;35,7;-24;516;35,7;132;528;35,7;87;123;35,7;-78;14;35,7;-14;67;128,11;-46;73;35,7;-13
08/03/2025;08/03/2025;FCR;1;NEGPOS_08_12;108,87;65;108,87;15;86;108,87;-13;25;108,87;-20;516;27,51;154;528;108,87;-24;123;108,87;-57;14;108,87;-7;67;160;-35;73;108,87;-13
08/03/2025;08/03/2025;FCR;1;NEGPOS_12_16;92,7;65;92,7;15;86;92,7;-26;25;92,7;-21;516;13,84;154;528;92,7;-6;123;92,7;-54;14;92,7;-13;67;130;-36;73;92,7;-13
08/03/2025;08/03/2025;FCR;1;NEGPOS_16_20;41,7;65;41,7;4;86;68,58;-60;25;41,7;-24;516;10,4;154;528;41,7;52;123;41,7;-57;14;41,7;-14;67;61,3;-42;73;41,7;-13
08/03/2025;08/03/2025;FCR;1;NEGPOS_20_24;19,7;65;19,7;2;86;60,28;-60;25;19,7;-24;516;13;154;528;19,7;78;123;19,7;-78;14;19,7;-14;67;60;-43;73;19,7;-15
09/03/2025;09/03/2025;FCR;1;NEGPOS_00_04;12;65;12;-6;86;64,72;-60;25;12;-24;516;11,54;154;528;12;88;123;12;-78;14;12;-14;67;140;-41;73;12;-19
09/03/2025;09/03/2025;FCR;1;NEGPOS_04_08;17,68;65;17,68;12;86;67,84;-60;25;17,68;-24;516;17,68;60;528;17,68;155;123;17,68;-78;14;17,68;-14;67;112;-30;73;17,68;-21
09/03/2025;09/03/2025;FCR;1;NEGPOS_08_12;111,61;65;111,61;-8;86;111,61;-13;25;111,61;-18;516;27,29;154;528;111,61;-5;123;111,61;-49;14;111,61;-14;67;172;-30;73;111,61;-17
09/03/2025;09/03/2025;FCR;1;NEGPOS_12_16;232;65;232;-8;86;232;-18;25;232;-18;516;15,24;154;528;232;-1;123;232;-51;14;232;-13;67;232;-30;73;232;-15
09/03/2025;09/03/2025;FCR;1;NEGPOS_16_20;81,16;65;81,16;18;86;81,16;-30;25;81,16;-24;516;65,4;154;528;81,16;4;123;81,16;-48;14;81,16;-14;67;94,03;-43;73;81,16;-17
09/03/2025;09/03/2025;FCR;1;NEGPOS_20_24;19,7;65;19,7;2;86;65,96;-60;25;19,7;-24;516;19,7;109;528;19,7;130;123;19,7;-78;14;19,7;-14;67;76,2;-46;73;19,7;-19
10/03/2025;10/03/2025;FCR;1;NEGPOS_00_04;40;65;40;12;86;68,08;-60;25;36,16;-24;516;40;13;528;36,16;189;123;40;-66;14;40;-14;67;140;-38;73;40;-12
10/03/2025;10/03/2025;FCR;1;NEGPOS_04_08;40,48;65;40,48;6;86;70,24;-60;25;39,84;-24;516;40,48;13;528;39,84;189;123;40,48;-68;14;40,48;-14;67;112;-30;73;40,48;-12
10/03/2025;10/03/2025;FCR;1;NEGPOS_08_12;66;65;66;11;86;66;-57;25;66;-24;516;66;90;528;66;84;123;66;-54;14;66;-14;67;131,01;-31;73;66;-5
10/03/2025;10/03/2025;FCR;1;NEGPOS_12_16;86,04;65;86,04;23;86;86,04;-25;25;86,04;-19;516;86,04;70;528;86,04;50;123;86,04;-50;14;86,04;-13;67;232;-26;73;86,04;-10
10/03/2025;10/03/2025;FCR;1;NEGPOS_16_20;50;65;50;14;86;74,56;-60;25;50;-24;516;50;151;528;50;35;123;50;-52;14;50;-14;67;72;-43;73;50;-7
10/03/2025;10/03/2025;FCR;1;NEGPOS_20_24;33;65;33;5;86;68,08;-60;25;33;-24;516;33;101;528;33;110;123;33;-78;14;33;-14;67;101,8;-35;73;33;-5
11/03/2025;11/03/2025;FCR;1;NEGPOS_00_04;40;65;40;5;86;60,16;-60;25;23,75;-24;516;40;21;528;23,75;189;123;40;-67;14;40;-13;67;176;-44;73;40;-7
11/03/2025;11/03/2025;FCR;1;NEGPOS_04_08;48,04;65;48,04;7;86;60,16;-60;25;48,04;-20;516;48,04;117;528;48,04;78;123;48,04;-73;14;48,04;-14;67;132,8;-30;73;48,04;-5
11/03/2025;11/03/2025;FCR;1;NEGPOS_08_12;47,97;65;47,97;2;86;62,96;-60;25;47,97;-24;516;46,6;154;528;47,97;38;123;47,97;-65;14;47,97;-14;67;126,95;-26;73;47,97;-5
11/03/2025;11/03/2025;FCR;1;NEGPOS_12_16;79,2;65;79,2;13;86;79,2;-25;25;79,2;-24;516;79,2;74;528;79,2;61;123;79,2;-50;14;79,2;-13;67;218,46;-31;73;79,2;-5
11/03/2025;11/03/2025;FCR;1;NEGPOS_16_20;60,16;65;60,16;25;86;60,16;-60;25;60,16;-24;516;33,6;154;528;60,16;21;123;60,16;-57;14;60,16;-14;67;72;-39;73;60,16;-5
11/03/2025;11/03/2025;FCR;1;NEGPOS_20_24;24,2;65;24,2;0;86;58,72;-60;25;24,2;-24;516;24,2;142;528;24,2;91;123;24,2;-86;14;24,2;-14;67;100;-35;73;24,2;-14
12/03/2025;12/03/2025;FCR;1;NEGPOS_00_04;23,52;65;23,52;0;86;62,4;-37;25;18,4;-24;516;23,52;24;528;18,4;189;123;23,52;-78;14;23,52;-14;67;193;-46;73;23,52;-14
12/03/2025;12/03/2025;FCR;1;NEGPOS_04_08;47,46;65;47,46;7;86;68,2;-60;25;47,46;-20;516;47,46;100;528;47,46;108;123;47,46;-73;14;47,46;-14;67;180;-43;73;47,46;-5
12/03/2025;12/03/2025;FCR;1;NEGPOS_08_12;40;65;40;0;86;62,32;-60;25;40;-24;516;40;134;528;40;98;123;40;-86;14;40;-14;67;146;-43;73;40;-5
12/03/2025;12/03/2025;FCR;1;NEGPOS_12_16;61,8;65;61,8;13;86;65,96;-60;25;61,8;-24;516;61,8;94;528;61,8;78;123;61,8;-48;14;61,8;-13;67;222,59;-38;73;61,8;-2
12/03/2025;12/03/2025;FCR;1;NEGPOS_16_20;44,92;65;44,92;8;86;73,4;-60;25;44,92;-24;516;44,92;154;528;44,92;59;123;44,92;-76;14;44,92;-14;67;79,4;-40;73;44,92;-7
12/03/2025;12/03/2025;FCR;1;NEGPOS_20_24;20,48;65;20,48;0;86;63,76;-60;25;20,48;-24;516;20,48;97;528;20,48;140;123;20,48;-86;14;20,48;-14;67;115,4;-39;73;20,48;-14
13/03/2025;13/03/2025;FCR;1;NEGPOS_00_04;26,4;65;26,4;4;86;65,76;-60;25;18,4;-24;516;26,4;51;528;18,4;189;123;35;-86;14;26,4;-14;67;213,8;-46;73;26,4;-14
13/03/2025;13/03/2025;FCR;1;NEGPOS_04_08;35,28;65;35,28;9;86;68,08;-60;25;35,28;-24;516;35,28;104;528;35,28;122;123;45;-86;14;35,28;-14;67;207,8;-46;73;35,28;-5
13/03/2025;13/03/2025;FCR;1;NEGPOS_08_12;29,63;65;29,63;4;86;62,2;-60;25;29,63;-24;516;29,63;142;528;29,63;95;123;45;-86;14;29,63;-14;67;162,8;-43;73;29,63;-14
13/03/2025;13/03/2025;FCR;1;NEGPOS_12_16;60;65;60;20;86;65,84;-60;25;60;-24;516;60;71;528;60;120;123;60;-59;14;60;-13;67;246;-46;73;60;-9
13/03/2025;13/03/2025;FCR;1;NEGPOS_16_20;35,08;65;35,08;7;86;73,92;-59;25;35,08;-24;516;35,08;154;528;35,08;67;123;45;-86;14;35,08;-14;67;90;-40;73;35,08;-5
13/03/2025;13/03/2025;FCR;1;NEGPOS_20_24;18,3;65;18,3;4;86;63,6;-60;25;18,3;-24;516;18,3;118;528;18,3;103;123;40;-73;14;18,3;-14;67;142;-40;73;18,3;-14
14/03/2025;14/03/2025;FCR;1;NEGPOS_00_04;13,6;65;13,6;-3;86;51,04;-60;25;13,6;-24;516;13,6;70;528;13,6;172;123;35;-86;14;13,6;-14;67;225,9;-46;73;13,6;-9
14/03/2025;14/03/2025;FCR;1;NEGPOS_04_08;25,81;65;25,81;-1;86;56,04;-60;25;25,81;-24;516;25,81;145;528;25,81;95;123;44;-86;14;25,81;-14;67;198,32;-46;73;25,81;-9
14/03/2025;14/03/2025;FCR;1;NEGPOS_08_12;25,59;65;25,59;-1;86;52,28;-60;25;25,59;-24;516;23,28;154;528;25,59;86;123;45;-86;14;25,59;-14;67;175,19;-46;73;25,59;-9
14/03/2025;14/03/2025;FCR;1;NEGPOS_12_16;33;65;33;2;86;54,32;-60;25;33;-24;516;33;95;528;33;129;123;33;-79;14;33;-13;67;174,48;-40;73;33;-10
14/03/2025;14/03/2025;FCR;1;NEGPOS_16_20;41;65;41;11;86;59,49;-60;25;41;-24;516;28,96;154;528;41;69;123;41;-86;14;41;-14;67;110;-40;73;41;-10
14/03/2025;14/03/2025;FCR;1;NEGPOS_20_24;18,4;65;18,4;-1;86;54,04;-60;25;18,4;-24;516;18,4;110;528;18,4;130;123;45;-86;14;18,4;-14;67;174,96;-46;73;18,4;-9
15/03/2025;15/03/2025;FCR;1;NEGPOS_00_04;11,08;65;11,08;-11;86;34,68;-60;25;11,08;-24;516;11,08;138;528;11,08;112;123;35;-86;14;11,08;-14;67;178,67;-44;73;11,08;-11
15/03/2025;15/03/2025;FCR;1;NEGPOS_04_08;21,81;65;21,81;1;86;37,28;-60;25;19,95;-24;516;21,81;46;528;19,95;189;123;44;-86;14;21,81;-14;67;179,65;-43;73;21,81;-9
15/03/2025;15/03/2025;FCR;1;NEGPOS_08_12;35,24;65;35,24;1;86;35,24;-58;25;35,24;-24;516;35,24;120;528;35,24;114;123;45;-86;14;35,24;-14;67;172;-46;73;35,24;-7
15/03/2025;15/03/2025;FCR;1;NEGPOS_12_16;56;65;56;12;86;56;-50;25;56;-22;516;15,2;154;528;56;27;123;56;-71;14;56;-13;67;180;-34;73;56;-2
15/03/2025;15/03/2025;FCR;1;NEGPOS_16_20;38,96;65;38,96;22;86;42,69;-60;25;38,96;-24;516;30,6;154;528;38,96;53;123;41;-86;14;38,96;-14;67;124;-40;73;38,96;-5
15/03/2025;15/03/2025;FCR;1;NEGPOS_20_24;15,31;65;15,31;-3;86;34,84;-60;25;15,31;-24;516;15,31;154;528;15,31;84;123;45;-85;14;15,31;-14;67;122;-40;73;15,31;-12
16/03/2025;16/03/2025;FCR;1;NEGPOS_00_04;12;65;12;-9;86;42,76;-60;25;12;-24;516;11;154;528;12;81;123;40;-74;14;12;-14;67;168,4;-45;73;12;-9
16/03/2025;16/03/2025;FCR;1;NEGPOS_04_08;18,4;65;18,4;4;86;43,8;-60;25;18,4;-21;516;18,4;78;528;18,4;153;123;45;-86;14;18,4;-14;67;156;-45;73;18,4;-9
16/03/2025;16/03/2025;FCR;1;NEGPOS_08_12;57;65;57;16;86;57;-51;25;57;-19;516;57;92;528;57;91;123;57;-70;14;57;-11;67;179,7;-46;73;57;-2
16/03/2025;16/03/2025;FCR;1;NEGPOS_12_16;60;65;60;16;86;60;-50;25;60;-19;516;17;154;528;60;13;123;60;-55;14;60;-11;67;182,4;-46;73;60;-2
16/03/2025;16/03/2025;FCR;1;NEGPOS_16_20;40,2;65;40,2;8;86;50,52;-60;25;40,2;-24;516;28,05;154;528;40,2;73;123;45;-86;14;40,2;-14;67;128,8;-46;73;40,2;-5
16/03/2025;16/03/2025;FCR;1;NEGPOS_20_24;17,66;65;17,66;-1;86;43,68;-60;25;17,66;-24;516;12,75;154;528;17,66;73;123;40;-74;14;17,66;-14;67;135,2;-45;73;17,66;-9
17/03/2025;17/03/2025;FCR;1;NEGPOS_00_04;19;65;19;-5;86;41,4;-60;25;19;-24;516;19;135;528;19;96;123;40;-73;14;19;-14;67;179,1;-46;73;19;-9
17/03/2025;17/03/2025;FCR;1;NEGPOS_04_08;33,97;65;33,97;-3;86;39,6;-60;25;33,97;-24;516;20,16;154;528;33,97;86;123;45;-86;14;33,97;-14;67;176,2;-46;73;33,97;-7
17/03/2025;17/03/2025;FCR;1;NEGPOS_08_12;66;65;66;4;86;66;-27;25;66;-24;516;66;102;528;66;100;123;66;-73;14;66;-14;67;176,2;-46;73;66;-17
17/03/2025;17/03/2025;FCR;1;NEGPOS_12_16;92;65;92;10;86;92;-9;25;92;-18;516;92;119;528;92;23;123;92;-65;14;92;-11;67;200;-42;73;92;-7
17/03/2025;17/03/2025;FCR;1;NEGPOS_16_20;30,88;65;30,88;-3;86;42,36;-60;25;30,88;-24;516;30,88;121;528;30,88;101;123;50;-72;14;30,88;-14;67;140;-40;73;30,88;-9
17/03/2025;17/03/2025;FCR;1;NEGPOS_20_24;18,4;65;18,4;-7;86;35,08;-60;25;18,4;-24;516;11;154;528;18,4;79;123;40;-73;14;18,4;-14;67;146;-46;73;18,4;-9
18/03/2025;18/03/2025;FCR;1;NEGPOS_00_04;64;65;64;21;86;64;-23;25;18,4;-24;516;64;-20;528;18,4;189;123;64;-78;14;64;-12;67;192;-46;73;64;-7
18/03/2025;18/03/2025;FCR;1;NEGPOS_04_08;57,2;65;57,2;16;86;57,2;-53;25;46,28;-20;516;57,2;-3;528;46,28;185;123;57,2;-63;14;57,2;-14;67;185;-43;73;57,2;-5
18/03/2025;18/03/2025;FCR;1;NEGPOS_08_12;122,2;65;122,2;16;86;122,2;-13;25;122,2;-16;516;122,2;108;528;122,2;46;123;122,2;-73;14;122,2;-14;67;184;-46;73;122,2;-8
18/03/2025;18/03/2025;FCR;1;NEGPOS_12_16;108,48;65;108,48;16;86;108,48;-13;25;108,48;-16;516;108,48;141;528;108,48;-6;123;108,48;-65;14;108,48;-13;67;250;-46;73;108,48;2
18/03/2025;18/03/2025;FCR;1;NEGPOS_16_20;64;65;64;26;86;64;-31;25;64;-24;516;47,12;154;528;64;8;123;64;-72;14;64;-14;67;64;-42;73;64;-5
18/03/2025;18/03/2025;FCR;1;NEGPOS_20_24;16,3;65;16,3;-1;86;34,72;-60;25;16,3;-24;516;14,91;154;528;16,3;73;123;40;-73;14;16,3;-14;67;180;-46;73;16,3;-9
19/03/2025;19/03/2025;FCR;1;NEGPOS_00_04;28,92;65;28,92;17;86;64;-39;25;16,87;-24;516;28,92;7;528;16,87;189;123;28,92;-81;14;28,92;-14;67;48;-46;73;28,92;-9
19/03/2025;19/03/2025;FCR;1;NEGPOS_04_08;44,12;65;44,12;8;86;64;-41;25;44,12;-20;516;44,12;31;528;44,12;169;123;44,12;-82;14;44,12;-14;67;163,01;-46;73;44,12;-5
19/03/2025;19/03/2025;FCR;1;NEGPOS_08_12;129,43;65;129,43;19;86;129,43;-11;25;129,43;-16;516;129,43;115;528;129,43;18;123;129,43;-74;14;129,43;-10;67;188,16;-43;73;129,43;2
19/03/2025;19/03/2025;FCR;1;NEGPOS_12_16;115,04;65;115,04;12;86;115,04;-11;25;115,04;-16;516;78,36;154;528;115,04;-16;123;115,04;-71;14;115,04;-9;67;260;-45;73;115,04;2
19/03/2025;19/03/2025;FCR;1;NEGPOS_16_20;102,8;65;102,8;21;86;102,8;-24;25;102,8;-24;516;102,8;137;528;102,8;14;123;102,8;-73;14;102,8;-10;67;123,36;-43;73;102,8;2
19/03/2025;19/03/2025;FCR;1;NEGPOS_20_24;15,13;65;15,13;-1;86;72,24;-60;25;15,13;-24;516;13,92;154;528;15,13;83;123;15,13;-81;14;15,13;-14;67;138,36;-46;73;15,13;-11
20/03/2025;20/03/2025;FCR;1;NEGPOS_00_04;11,66;65;11,66;-9;86;55;-60;25;11,66;-24;516;11;154;528;11,66;83;123;40;-73;14;11,66;-14;67;70;-46;73;11,66;-11
20/03/2025;20/03/2025;FCR;1;NEGPOS_04_08;35,35;65;35,35;4;86;55,92;-60;25;35,35;-24;516;35,35;58;528;35,35;152;123;50;-74;14;35,35;-14;67;129,89;-37;73;35,35;-5
20/03/2025;20/03/2025;FCR;1;NEGPOS_08_12;117,14;65;117,14;17;86;117,14;-19;25;117,14;-24;516;85,4;154;528;117,14;-4;123;117,14;-81;14;117,14;-8;67;147,74;-36;73;117,14;1
20/03/2025;20/03/2025;FCR;1;NEGPOS_12_16;192;65;192;12;86;192;-12;25;192;-24;516;73,33;154;528;192;-10;123;192;-76;14;192;-8;67;201,68;-42;73;192;6
20/03/2025;20/03/2025;FCR;1;NEGPOS_16_20;92;65;92;13;86;92;-27;25;92;-24;516;5;154;528;92;14;123;92;-72;14;92;-14;67;100,75;-42;73;92;-2
20/03/2025;20/03/2025;FCR;1;NEGPOS_20_24;14;65;14;-3;86;55,12;-60;25;14;-24;516;12;154;528;14;75;123;40;-73;14;14;-14;67;116,2;-46;73;14;-9
21/03/2025;21/03/2025;FCR;1;NEGPOS_00_04;12,5;65;12,5;-7;86;41,4;-60;25;12,5;-24;516;8,16;154;528;12,5;95;123;12,7;-86;14;12,5;-14;67;64;-46;73;12,5;-12
21/03/2025;21/03/2025;FCR;1;NEGPOS_04_08;32,4;65;32,4;-1;86;44,24;-60;25;32,4;-24;516;11;154;528;32,4;78;123;32,4;-78;14;32,4;-14;67;60;-46;73;32,4;-8
21/03/2025;21/03/2025;FCR;1;NEGPOS_08_12;142,2;65;142,2;12;86;142,2;-9;25;142,2;-18;516;104,56;154;528;142,2;-43;123;142,2;-75;14;142,2;-8;67;142,2;-5;73;142,2;-8
21/03/2025;21/03/2025;FCR;1;NEGPOS_12_16;100;65;100;12;86;100;-10;25;100;-19;516;25,4;154;528;100;-39;123;100;-65;14;100;-11;67;100;-14;73;100;-8
21/03/2025;21/03/2025;FCR;1;NEGPOS_16_20;90,54;65;90,54;60;86;90,54;-29;25;90,54;-19;516;42,7;154;528;90,54;-17;123;90,54;-77;14;90,54;-14;67;90,54;-46;73;90,54;-12
21/03/2025;21/03/2025;FCR;1;NEGPOS_20_24;43,78;65;43,78;11;86;43,8;-60;25;43,78;-21;516;8,6;154;528;43,78;61;123;43,78;-70;14;43,78;-14;67;82;-46;73;43,78;-15
22/03/2025;22/03/2025;FCR;1;NEGPOS_00_04;26;65;26;-1;86;64,8;-48;25;26;-18;516;3,96;154;528;26;81;123;26;-85;14;26;-14;67;163;-46;73;26;-23
22/03/2025;22/03/2025;FCR;1;NEGPOS_04_08;36,6;65;36,6;-1;86;64,8;-49;25;36,6;-18;516;15,04;154;528;36,6;80;123;36,6;-85;14;36,6;-12;67;141,5;-46;73;36,6;-23
22/03/2025;22/03/2025;FCR;1;NEGPOS_08_12;134,52;65;134,52;17;86;134,52;-31;25;134,52;-16;516;15,16;154;528;134,52;7;123;134,52;-70;14;134,52;-8;67;134,52;-41;73;134,52;-12
22/03/2025;22/03/2025;FCR;1;NEGPOS_12_16;167;65;167;12;86;167;-22;25;167;-16;516;11;154;528;167;0;123;167;-71;14;167;-8;67;167;-37;73;167;-12
22/03/2025;22/03/2025;FCR;1;NEGPOS_16_20;84,4;65;84,4;22;86;84,4;-44;25;84,4;-16;516;21,72;154;528;84,4;22;123;84,4;-69;14;84,4;-14;67;84,4;-35;73;84,4;-20
22/03/2025;22/03/2025;FCR;1;NEGPOS_20_24;40;65;40;4;86;64,8;-48;25;40;-18;516;8,16;154;528;40;76;123;40;-85;14;40;-14;67;137,1;-46;73;40;-23
23/03/2025;23/03/2025;FCR;1;NEGPOS_00_04;36;65;36;14;86;54,56;-60;25;36;-21;516;11;154;528;36;60;123;36;-68;14;36;-12;67;88;-46;73;36;-21
23/03/2025;23/03/2025;FCR;1;NEGPOS_04_08;33,75;65;33,75;19;86;55,6;-60;25;33,75;-21;516;29,24;154;528;33,75;55;123;33,75;-68;14;33,75;-12;67;76;-46;73;33,75;-21
23/03/2025;23/03/2025;FCR;1;NEGPOS_08_12;101;65;101;15;86;101;-25;25;101;-19;516;17,04;154;528;101;-13;123;101;-48;14;101;-8;67;132,8;-46;73;101;-10
23/03/2025;23/03/2025;FCR;1;NEGPOS_12_16;150;65;150;25;86;150;-19;25;150;-19;516;25,52;154;528;150;-32;123;150;-49;14;150;-8;67;150;-42;73;150;-10
23/03/2025;23/03/2025;FCR;1;NEGPOS_16_20;70;65;70;15;86;70;-29;25;70;-19;516;11;154;528;70;26;123;70;-69;14;70;-14;67;70;-46;73;70;-18
23/03/2025;23/03/2025;FCR;1;NEGPOS_20_24;25,58;65;25,58;-1;86;54,56;-60;25;25,58;-21;516;15,36;154;528;25,58;77;123;25,58;-68;14;25,58;-14;67;103,7;-46;73;25,58;-21
24/03/2025;24/03/2025;FCR;1;NEGPOS_00_04;54;65;54;6;86;54;-57;25;51,72;-21;516;54;28;528;51,72;186;123;54;-69;14;54;-12;67;54;-43;73;54;-18
24/03/2025;24/03/2025;FCR;1;NEGPOS_04_08;54,52;65;54,52;-14;86;54,52;-31;25;51,92;-17;516;54,52;44;528;51,92;182;123;54,52;-86;14;54,52;-14;67;55,2;-46;73;54,52;-18
24/03/2025;24/03/2025;FCR;1;NEGPOS_08_12;61,88;65;61,88;3;86;61,88;-54;25;61,88;-21;516;61,88;105;528;61,88;98;123;61,88;-64;14;61,88;-13;67;81,9;-46;73;61,88;-8
24/03/2025;24/03/2025;FCR;1;NEGPOS_12_16;80,6;65;80,6;17;86;80,6;-29;25;80,6;-25;516;80,6;106;528;80,6;49;123;80,6;-62;14;80,6;-14;67;80,6;-38;73;80,6;-4
24/03/2025;24/03/2025;FCR;1;NEGPOS_16_20;70;65;70;-6;86;70;-30;25;70;-25;516;23,44;154;528;70;36;123;70;-71;14;70;-14;67;70;-36;73;70;-8
24/03/2025;24/03/2025;FCR;1;NEGPOS_20_24;23,13;65;23,13;-1;86;50,8;-60;25;23,13;-25;516;13,48;154;528;23,13;92;123;23,13;-85;14;23,13;-14;67;68;-46;73;23,13;-15
25/03/2025;25/03/2025;FCR;1;NEGPOS_00_04;17,33;65;17,33;3;86;49,41;-60;25;17,33;-25;516;17,33;107;528;17,33;130;123;40;-80;14;17,33;-14;67;58,7;-46;73;17,33;-15
25/03/2025;25/03/2025;FCR;1;NEGPOS_04_08;26,96;65;26,96;3;86;49,6;-60;25;26,96;-25;516;26,96;56;528;26,96;187;123;45;-86;14;26,96;-14;67;71,2;-46;73;26,96;-15
25/03/2025;25/03/2025;FCR;1;NEGPOS_08_12;100,68;65;100,68;22;86;100,68;-27;25;100,68;-25;516;100,68;2;528;100,68;151;123;100,68;-62;14;100,68;-7;67;100,68;-43;73;100,68;-11
25/03/2025;25/03/2025;FCR;1;NEGPOS_12_16;100;65;100;19;86;100;-27;25;100;-25;516;100;-4;528;100;156;123;100;-61;14;100;-8;67;100;-39;73;100;-11
25/03/2025;25/03/2025;FCR;1;NEGPOS_16_20;91,4;65;91,4;37;86;91,4;-24;25;91,4;-25;516;91,4;76;528;91,4;75;123;91,4;-70;14;91,4;-14;67;91,4;-44;73;91,4;-11
25/03/2025;25/03/2025;FCR;1;NEGPOS_20_24;17,7;65;17,7;3;86;65,2;-60;25;17,7;-25;516;17;154;528;17,7;83;123;40;-80;14;17,7;-14;67;75,2;-46;73;17,7;-15
26/03/2025;26/03/2025;FCR;1;NEGPOS_00_04;15;65;15;-2;86;35,52;-60;25;15;-21;516;15;91;528;15;138;123;15;-68;14;15;-14;67;42,1;-46;73;15;-18
26/03/2025;26/03/2025;FCR;1;NEGPOS_04_08;21;65;21;-2;86;36,44;-60;25;21;-20;516;21;89;528;21;133;123;21;-69;14;21;-14;67;44;-41;73;21;-16
26/03/2025;26/03/2025;FCR;1;NEGPOS_08_12;61,34;65;61,34;43;86;80;-50;25;61,34;-20;516;61,34;-33;528;61,34;181;123;61,34;-53;14;61,34;-14;67;76;-39;73;61,34;-15
26/03/2025;26/03/2025;FCR;1;NEGPOS_12_16;72,17;65;72,17;38;86;72,17;-52;25;69;-20;516;72,17;-39;528;69;185;123;72,17;-51;14;72,17;-12;67;72,17;-40;73;72,17;-9
26/03/2025;26/03/2025;FCR;1;NEGPOS_16_20;72;65;72;36;86;72;-25;25;72;-21;516;72;71;528;72;72;123;72;-70;14;72;-14;67;72;-37;73;72;-12
26/03/2025;26/03/2025;FCR;1;NEGPOS_20_24;36,71;65;36,71;-2;86;41,92;-60;25;36,71;-23;516;14,01;154;528;36,71;87;123;36,71;-85;14;36,71;-14;67;48;-45;73;36,71;-12
27/03/2025;27/03/2025;FCR;1;NEGPOS_00_04;25,76;65;25,76;0;86;35,44;-60;25;18,4;-21;516;25,76;48;528;18,4;186;123;25,76;-85;14;25,76;-14;67;68,23;-41;73;25,76;-13
27/03/2025;27/03/2025;FCR;1;NEGPOS_04_08;34,09;65;34,09;5;86;36,25;-60;25;34,09;-20;516;34,09;88;528;34,09;141;123;34,09;-78;14;34,09;-14;67;60,05;-46;73;34,09;-16
27/03/2025;27/03/2025;FCR;1;NEGPOS_08_12;56,2;65;56,2;11;86;56,2;-37;25;56,2;-20;516;56,2;150;528;56,2;51;123;56,2;-84;14;56,2;-14;67;56,2;-43;73;56,2;-14
27/03/2025;27/03/2025;FCR;1;NEGPOS_12_16;109;65;109;11;86;109;-11;25;109;-20;516;11,56;154;528;109;-11;123;109;-66;14;109;-7;67;109;-41;73;109;-9
27/03/2025;27/03/2025;FCR;1;NEGPOS_16_20;62,7;65;62,7;11;86;62,7;-53;25;62,7;-21;516;62,7;132;528;62,7;70;123;62,7;-71;14;62,7;-14;67;62,7;-45;73;62,7;-9
27/03/2025;27/03/2025;FCR;1;NEGPOS_20_24;20;65;20;5;86;34,36;-60;25;20;-21;516;13,81;154;528;20;68;123;20;-77;14;20;-14;67;58,55;-42;73;20;-13
28/03/2025;28/03/2025;FCR;1;NEGPOS_00_04;16,4;65;16,4;11;86;59,34;-60;25;16,4;-19;516;16,4;84;528;16,4;140;123;40;-81;14;16,4;-14;67;100;-45;73;16,4;-16
28/03/2025;28/03/2025;FCR;1;NEGPOS_04_08;26,8;65;26,8;1;86;59;-60;25;26,8;-19;516;26,8;103;528;26,8;141;123;40;-86;14;26,8;-14;67;84;-45;73;26,8;-21
28/03/2025;28/03/2025;FCR;1;NEGPOS_08_12;92;65;92;17;86;92;-49;25;92;-19;516;92;122;528;92;73;123;92;-77;14;92;-14;67;92;-32;73;92;-21
28/03/2025;28/03/2025;FCR;1;NEGPOS_12_16;116,68;65;116,68;12;86;116,68;-15;25;116,68;-25;516;46,2;154;528;116,68;10;123;116,68;-67;14;116,68;-7;67;120;-45;73;116,68;-16
28/03/2025;28/03/2025;FCR;1;NEGPOS_16_20;69,52;65;69,52;30;86;69,52;-59;25;69,52;-19;516;46,76;154;528;69,52;39;123;69,52;-70;14;69,52;-14;67;69,52;-45;73;69,52;-16
28/03/2025;28/03/2025;FCR;1;NEGPOS_20_24;23;65;23;1;86;55,8;-60;25;23;-25;516;23;151;528;23;94;123;40;-86;14;23;-14;67;88;-45;73;23;-16
29/03/2025;29/03/2025;FCR;1;NEGPOS_00_04;15,83;65;15,83;12;86;49,96;-60;25;15,83;-21;516;12;154;528;15,83;75;123;40;-86;14;15,83;-14;67;100;-36;73;15,83;-24
29/03/2025;29/03/2025;FCR;1;NEGPOS_04_08;20,35;65;20,35;14;86;51,56;-60;25;20,35;-15;516;20,35;118;528;20,35;111;123;40;-86;14;20,35;-14;67;100;-46;73;20,35;-22
29/03/2025;29/03/2025;FCR;1;NEGPOS_08_12;104;65;104;25;86;104;-52;25;104;-15;516;65;154;528;104;46;123;104;-85;14;104;-12;67;104;-32;73;104;-25
29/03/2025;29/03/2025;FCR;1;NEGPOS_12_16;140;65;140;6;86;140;-17;25;140;-15;516;58,37;154;528;140;8;123;140;-80;14;140;-11;67;140;-27;73;140;-18
29/03/2025;29/03/2025;FCR;1;NEGPOS_16_20;80,4;65;80,4;24;86;80,4;-60;25;80,4;-15;516;61;154;528;80,4;46;123;80,4;-70;14;80,4;-14;67;83,2;-46;73;80,4;-19
29/03/2025;29/03/2025;FCR;1;NEGPOS_20_24;18,66;65;18,66;-5;86;65,76;-60;25;18,66;-15;516;12;154;528;18,66;94;123;40;-86;14;18,66;-14;67;89,5;-46;73;18,66;-22
30/03/2025;30/03/2025;FCR;1;NEGPOS_00_04;30,42;65;30,42;11;86;42,32;-60;25;30,42;-22;516;3,92;154;528;30,42;71;123;30,42;-80;14;30,42;-14;67;232;-38;73;30,42;-22
30/03/2025;30/03/2025;FCR;1;NEGPOS_04_08;39;65;39;11;86;42,12;-60;25;39;-21;516;16,08;154;528;39;66;123;39;-82;14;39;-14;67;152;-32;73;39;-22
30/03/2025;30/03/2025;FCR;1;NEGPOS_08_12;85,55;65;85,55;25;86;85,55;-28;25;85,55;-21;516;26,4;154;528;85,55;-15;123;85,55;-55;14;85,55;-14;67;152;-27;73;85,55;-19
30/03/2025;30/03/2025;FCR;1;NEGPOS_12_16;96;65;96;25;86;96;-22;25;96;-21;516;32,79;154;528;96;-4;123;96;-70;14;96;-14;67;260;-32;73;96;-15
30/03/2025;30/03/2025;FCR;1;NEGPOS_16_20;56,5;65;56,5;25;86;65,6;-60;25;56,5;-21;516;46,52;154;528;56,5;40;123;56,5;-70;14;56,5;-14;67;136;-32;73;56,5;-22
30/03/2025;30/03/2025;FCR;1;NEGPOS_20_24;20;65;20;4;86;45,96;-60;25;20;-21;516;13,85;154;528;20;84;123;40;-86;14;20;-14;67;128,05;-39;73;20;-22
31/03/2025;31/03/2025;FCR;1;NEGPOS_00_04;40,48;65;40,48;-43;86;52,23;-60;25;40,48;-15;516;40,48;138;528;40,48;124;123;40,48;-70;14;40,48;-12;67;177,82;-41;73;40,48;-21
31/03/2025;31/03/2025;FCR;1;NEGPOS_04_08;58,68;65;58,68;-24;86;58,68;-50;25;58,68;-15;516;49,68;154;528;58,68;82;123;58,68;-71;14;58,68;-14;67;169,8;-41;73;58,68;-21
31/03/2025;31/03/2025;FCR;1;NEGPOS_08_12;95,1;65;95,1;-17;86;95,1;-26;25;95,1;-15;516;95,1;119;528;95,1;78;123;95,1;-72;14;95,1;-14;67;108;-39;73;95,1;-14
31/03/2025;31/03/2025;FCR;1;NEGPOS_12_16;93,77;65;93,77;3;86;93,77;-21;25;93,77;-13;516;36,41;154;528;93,77;11;123;93,77;-64;14;93,77;-10;67;284,51;-46;73;93,77;-14
31/03/2025;31/03/2025;FCR;1;NEGPOS_16_20;94,81;65;94,81;1;86;94,81;-31;25;94,81;-15;516;49,76;154;528;94,81;28;123;94,81;-72;14;94,81;-14;67;112;-37;73;94,81;-14
31/03/2025;31/03/2025;FCR;1;NEGPOS_20_24;38,1;65;38,1;-25;86;39,88;-60;25;38,1;-15;516;15,78;154;528;38,1;106;123;40;-86;14;38,1;-14;67;108;-39;73;38,1;-21
